age,gender,chest_pain_type,resting_blood_pressure,cholesterol,fasting_blood_sugar_gt_120,resting_ecg,max_heart_rate,exercise_induced_angina,st_depression,st_slope,num_major_vessels,thalassemia,heart_disease_target
67,Female,2,133,344,1,0,159,1,0.9,2,0,2,1
57,Male,1,151,171,0,1,156,1,0.6,1,0,3,1
43,Female,0,102,132,0,2,180,0,"1,5",2,1,3,0
71,Female,3,158,,0,0,179,0,0.7,1,1,3,1
36,Male,2,129,220,0,0,173,0,1.4,2,1,3,1
54 years,Male,0,124,193,0,1,151,0,0.3,1,2,2,0
67,Male,0,114,283,0,0,170,0,0.4,1,2,3,1
47,Female,0,103,259,1,1,165,0,2.2,1,3,?,0
51,Male,2,146,217,0,1,132,1,2.9,1,0,2,1
39,Female,3,133,180,0,1,185,1,2.2,1,0,2,1
39,1,0,109,291,0,0,165,0,0.5,2,0,1,0
52,Male,1,109,280,0,0,162,1,1.5,2,0,3,1
64,M,0,126,241,0,1,160,0,0.6,2,0,3,0
68,Male,3,161,342,0,1,155,0,0.7,2,0,2,1
52,F,2,127,191,0,0,174,0,0.2,1,3,2,1
31,Male,2,999,167,1,1,172,0,0.9,1,1,2,0
50,Female,0,127,210,0,0,173,1,0.2,1,1,2,0
30,Male,0,127,244,0,1,175,0,0.4,1,0,3,0
52,Female,0,94,259,0,0,175,0,,1,0,2,0
72,Female,0,131,234,0,1,159,0,0.2,2,0,1,0
58,Male,2,128,265,0,0,145,0,0.1,1,0,2,1
66,Male,2,144,181,0,0,170,1,0.1,1,0,3,1
30,Male,3,164,321,0,0,171,0,2.8,2,1,,1
49,Male,3,151,242,0,0,178,0,0.7,2,2,3,1
61,Male,1,127,304,0,1,163,0,0.5,1,2,2,1
300,Male,2,112,264,0,2,200,0,1.7,2,1,2,0
50,Male,3,177,270,1,0,162,0,1.8,2,0,2,1
72,Male,2,133,276,0,0,144,1,0.4,1,2,2,1
53,Female,0,132,269,0,1,163,0,1.2,1,2,2,0
77,Male,0,131,280,0,1,142,1,1.5,1,0,3,1
55,Female,0,130 mmHg,315,0,1,173,1,1.1,2,1,3,0
70,Female,3,129,256,0,0,127,1,0.2,2,0,3,1
56,Male,1,122,283,1,0,145,0,2.1,1,2,2,1
44,Female,0,122,242,0,1,153,0,0.8,1,4,3,1
43,Male,2,131,321,0,0,184,0,0.3,2,0,2,0
75,Male,1,122,211,0,1,173,1,0.6,1,2,2,1
72,Male,0,119,340,0,0,148,0,0.0,1,1,1,1
31,Male,0,133,244,0,1,176,0,0.1,2,3,1,0
65,Female,2,127,172,0,0,156,0,1.5,2,0,3,1
35,Male,1,158,253,1,1,193,0,0.0,2,2,2,0
49,Male,2,94,211,0,1,152,0,0.5,2,0,2,0
37,Male,1,151,290,0,1,178,0,0.7,2,0,3,0
67,Male,2,153,212,0,0,168,1,0.1,1,0,2,1
46,Male,1,95,223,0,1,175,0,3.6,2,3,2,1
32,Female,1,126,148,0,1,180,0,0.3,1,2,2,0
?,Male,2,125,223,0,1,178,0,0.4,2,2,3,1
42,Male,0,107,126,0,1,130,0,0.4,1,3,3,0
37,Female,0,118,164,0,1,184,0,0.3,2,0,2,0
54,Female,0,112,286,0,1,152,1,0.0,1,0,2,0
30,Male,2,162,287,0,0,152,0,1.3,1,0,2,1
48,Male,1,148,-100,1,1,174,1,3.4,1,0,3,1
56,Male,2,154,196,0,1,181,0,0.3,0,0,2,0
75,Male,0,144,244,0,0,145,0,1.1,2,0,2,1
35,Female,0,112,246,0,0,190,1,1.4,2,0,2,0
72,Male,0,122,186,1,0,174,0,1.9,1,0,2,0
36,Male,0,140,324,1,1,195,0,0.5,1,0,2,0
75,Female,1,110,292,0,1,172,0,0.4,1,0,3,0
63,Male,0,144,235,0,1,167,0,0.4,0,3,2,1
42,Male,0,127,248,0,1,172,1,1.2,1,1,2,0
45,Male,2,125,257,0,0,144,0,1.7,2,3,3,1
64,Male,0,144,141,0,0,152,1,0.2,1,0,3,0
68,Male,1,139,233,0,0,140,1,0.5,1,0,2,1
32,Male,2,125,211,0,0,202,0,2.3,1,2,2,1
30,Female,0,152,194,0,0,176,1,1.6,1,0,2,0
34,Male,1,113,232,0,0,178,0,4.2,1,0,3,0
70,Male,2,142,339,0,1,159,1,1.4,2,0,2,1
32,Male,3,142,279,0,1,178,0,0.5,1,0,3,1
57,Male,0,126,217,0,2,186,1,0.9,0,0,3,0
46,Male,3,137,276,0,1,158,0,1.1,1,0,2,1
54,Male,1,110,319,0,1,165,0,0.1,1,1,1,0
72,Male,0,148,294,0,0,138,0,0.8,1,0,2,1
62,Male,0,128,249,1,1,137,1,1.2,2,0,2,1
38,Male,3,122,213,0,1,164,0,0.2,2,2,2,1
64,Male,1,150,282,0,0,155,0,1.5,2,0,3,1
42,Male,0,119,267,0,0,164,1,0.9,1,0,3,0
59,Male,2,,293,0,1,148,0,3.0,1,2,2,1
76,Male,0,104,279,0,0,126,1,0.0,2,0,3,1
43,Female,0,142,301,0,1,169,1,0.3,2,0,1,0
36,Male,0,109,219,1,1,152,1,0.9,2,0,2,0
42,Female,0,162,315,0,0,182,1,0.4,1,0,2,0
51,,0,95,257,1,0,166,0,1.3,1,0,3,0
68,Male,0,161,354,1,0,131,0,1.4,1,2,3,1
49,Female,2,135,211,0,0,161,1,0.1,2,0,3,0
44,Male,0,130,336,1,0,158,0,0.7,2,1,2,0
73,Female,0,122,257,0,1,154,0,0.7,2,0,2,0
46,Female,2,139,213,0,0,188,0,0.5,1,0,2,0
75,Male,1,131,221,0,1,119,1,2.7,2,1,2,1
52,Male,2,151,230,1,0,165,0,1.8,1,0,3,1
54,Female,0,134,268,1,1,160,0,1.2,1,0,3,0
53,Male,0,134,273,0,0,173,0,1.3,1,0,3,0
73,Male,0,125,missing,0,0,152,0,0.6,2,0,2,0
69,Female,0,131,245,0,1,140,0,2.5,1,0,2,1
57,Male,0,137,357,0,1,155,0,1.2,1,2,2,1
43,Female,0,102,336,0,0,158,0,1.3,2,0,2,0
73,Female,0,108,269,0,1,165,1,2.0,1,0,2,0
29,Male,0,145,248,0,0,180,0,0.3,1,0,3,0
53,Male,0,135,253,0,1,191,1,1.6,1,1,3,0
35,Male,0,128,278,1,0,175,1,0.2,0,0,2,0
37,Male,0,132,193,0,0,163,0,0.4,2,1,2,0
52,Male,1,138,233,0,1,141,0,0.4,0,1,2,1
,Male,2,122,160,0,1,153,0,3.8,1,2,2,1
72,Male,0,118,267,1,0,126,1,1.9,2,0,3,1
36,Male,2,135,280,1,1,179,0,1.2,2,0,1,0
52,Female,1,114,221,0,1,171,1,1.3,2,2,2,1
39,Male,0,139,328,0,0,149,0,0.8,1,4,2,1
45,Female,2,102,183,0,1,182,0,2.9,0,2,3,1
36,Female,3,150,170,0,0,168,0,0.7,2,0,2,0
63,Male,0,140,258,0,1,158,0,0.5,2,0,2,0
63,Male,0,136,301,0,1,180,1,0.2,2,0,2,0
61,Male,2,149,334,0,1,171,0,1.5,2,1,3,1
33,Male,2,,223,0,0,173,0,1.3,2,0,3,0
70,Female,0,149,302,0,0,138,0,0.5,1,0,2,0
67,Female,0,99,244,0,0,121,1,0.0,1,2,3,1
69,Female,0,109,237,0,0,141,0,1.8,2,0,3,0
56,Male,1,121,292,1,0,158,1,0.0,1,2,3,1
35,Male,1,132,280,0,1,161,0,1.2,1,0,3,0
37,Male,0,141,165,1,0,172,0,3.5,2,0,3,0
36,Female,0,119,323,0,0,176,0,0.6,2,0,2,0
40,Male,2,135,318,0,1,169,0,0.3,1,1,3,1
62,Male,0,118,214,0,0,147,0,1.2,1,0,2,0
61,unknown,0,121,267,0,1,160,0,1.7,1,0,3,0
76,Male,2,107,272,0,0,153,1,0.8,2,3,2,1
51,Male,2,115,260,0,1,148,0,3.4,2,0,3,1
52,Female,1,108,218,0,0,185,0,0.1,1,0,3,0
65,Male,1,115,212,0,0,153,0,0.7,0,0,2,0
63,Male,0,150,245,0,1,156,0,1.3,2,0,3,0
72,Female,0,115,307,0,0,160,0,2.0,1,1,2,1
68,Female,1,178,274,0,1,156,0,0.2,2,0,3,0
50,Female,0,140,227,0,0,179,0,1.6,2,0,2,0
55,Female,0,135,286,0,0,166,0,0.8,0,0,2,0
63,Male,0,117,126,0,1,147,0,0.5,2,1,3,0
29,Male,0,144,306,1,0,185,0,0.1,1,0,2,0
63,Male,0,122,156,0,1,139,0,2.0,1,0,3,0
65,Female,0,134,228,0,2,156,0,0.2,2,0,2,0
75,Male,0,176,188,1,1,147,1,0.4,1,0,2,1
42,Male,0,130,179,0,1,167,0,0.3,2,0,2,0
31,Female,2,152,306,0,0,176,1,2.1,2,0,2,1
29,Male,1,119,222,0,0,151,0,1.1,1,2,2,1
33,Male,2,131,264,0,0,169,1,1.6,1,0,1,1
54,Male,2,163,244,0,1,164,1,0.3,1,3,2,1
42,Male,1,121,271,0,2,173,0,1.0,1,3,0,1
67,Female,0,163,250,0,0,138,1,0.8,0,0,3,1
55,Male,1,144,180,0,1,180,0,1.8,1,0,3,0
37,Male,1,122,298,1,0,161,0,2.4,1,0,2,0
43,Male,2,143,221,0,1,184,1,0.0,2,2,3,1
43,Male,0,149,166,0,0,176,1,1.1,2,0,2,0
54,Male,0,142,224,0,2,153,0,0.1,2,0,3,0
70,Female,0,104,324,0,1,178,0,0.8,0,0,3,0
41,Female,0,119,290,0,0,153,0,0.3,1,2,3,0
60,Male,2,127,228,0,0,172,0,0.4,2,2,2,1
-5,Female,1,130,228,0,0,168,1,0.4,1,0,3,0
77,Male,0,142,230,1,0,136,0,1.0,0,1,2,1
60,Male,3,135,354,0,0,179,0,0.4,2,0,3,1
32,Male,1,108,266,0,1,174,0,1.3,2,0,1,0
58,Male,0,138,269,0,1,164,0,0.5,2,2,2,1
65,Male,0,142,300,0,1,158,0,0.1,0,0,3,0
51,Male,0,141,259,0,0,162,0,1.5,2,0,3,0
67,Male,0,151,233,0,1,165,1,0.3,2,0,2,0
73,Male,0,146,236,0,1,161,1,0.6,2,2,3,1
43,Male,0,140,243,0,0,144,0,1.2,2,2,2,1
71,Male,0,130,244,0,1,170,1,0.4,2,1,3,1
57,Male,0,103,284,0,1,135,1,0.1,1,1,2,1
64,Female,2,139,249,0,0,171,1,0.5,1,0,2,1
41,Female,0,135,284,0,0,188,0,2.9,2,0,2,0
60,Female,1,136,242,0,1,142,0,1.0,2,0,2,0
35,Female,0,109,250,0,0,169,0,1.1,2,0,2,0
50,Female,3,113,143,0,1,148,0,1.0,1,0,2,1
56,Male,0,150,294,0,1,158,0,0.2,1,3,2,1
30,Female,0,131,264,0,1,174,0,0.5,2,0,3,0
70,Female,3,144,298,0,0,163,0,1.4,2,0,3,1
73,Male,2,132,126,1,0,169,1,0.1,2,0,2,1
34,Female,2,132,354,0,1,197,0,0.3,2,0,2,0
56,Male,0,148,239,1,1,152,0,0.3,2,2,2,1
56,Female,0,123,304,0,0,158,1,0.6,2,0,1,0
72,Female,2,133,192,0,1,124,1,3.9,2,0,3,1
72,Male,3,124,278,0,1,138,1,0.1,2,1,2,1
48,Male,1,124,192,0,0,181,1,0.7,2,0,2,0
58,Male,1,126,214,0,0,184,0,0.2,1,0,2,0
39,Male,0,135,345,0,1,154,1,3.5,1,0,1,1
56,Male,2,123,236,0,0,152,0,0.1,2,1,3,1
53,Female,0,154,258,0,0,163,0,0.5,1,4,3,1
67,Female,0,116,291,0,0,157,0,1.3,1,1,2,0
61,Male,0,128,272,0,0,145,0,1.2,1,0,2,0
29,Male,1,124,254,0,1,186,0,0.5,1,2,3,0
55,Male,0,157,265,0,1,154,0,0.4,1,0,3,0
41,Male,0,135,371,0,0,171,1,0.5,1,0,2,0
69,Male,1,150,243,0,1,160,0,0.3,2,0,1,1
31,Male,0,106,257,0,1,178,0,0.2,1,0,1,0
67,Male,1,136,301,1,1,147,1,0.7,1,0,2,1
34,Male,0,147,304,1,0,175,0,0.3,1,1,2,0
36,Male,1,133,308,0,0,173,0,0.3,2,3,1,1
55,Male,1,150,279,0,2,156,1,1.1,1,0,2,1
37,Male,0,123,187,0,1,170,0,3.5,2,0,1,0
65,Male,0,156,331,0,0,178,0,0.9,2,0,3,0
61,Female,0,172,187,0,0,166,1,0.1,2,0,2,0
70,Male,0,125,262,0,0,147,0,0.1,1,0,1,0
72,Male,3,124,207,0,1,160,0,3.0,2,0,2,1
52,Male,0,157,243,1,1,159,1,0.4,1,2,2,1
43,Male,2,159,263,0,1,187,1,0.1,2,0,3,1
60,Male,0,122,263,0,0,164,0,0.9,2,0,2,0
60,Male,2,124,1500,0,1,156,0,1.0,1,0,2,1
52,Female,2,127,330,1,1,170,0,1.0,1,0,3,0
69,Male,1,108,270,0,0,128,0,0.3,1,0,2,1
77,Female,1,116,234,0,1,129,0,0.0,2,1,3,1
77,Female,0,114,296,0,2,128,0,3.4,1,0,2,1
40,Male,0,118,308,0,0,174,1,0.3,2,1,2,0
67,Male,3,131,183,0,1,179,0,1.1,1,0,1,1
30,Male,2,136,277,0,0,202,0,1.2,2,0,2,0
31,Male,3,159,283,0,1,188,0,0.9,2,0,3,1
77,Male,0,114,231,0,1,154,1,0.4,2,2,3,1
65,Female,2,149,318,0,1,127,0,0.3,2,0,2,1
77,Male,3,128,239,0,1,138,0,0.9,1,1,2,1
45,Male,0,131,253,0,0,157,1,2.0,1,0,3,0
77,Male,0,143,237,0,1,137,0,2.9,2,1,3,1
30,Male,2,112,247,0,1,176,0,0.1,1,0,2,0
30,Male,1,138,190,0,0,172,0,0.2,1,1,2,0
56,Female,2,135,172,1,1,131,0,2.9,0,0,2,1
51,Male,0,140,329,0,1,176,0,1.3,1,3,3,1
65,Female,2,137,202,0,0,138,0,2.1,0,0,2,1
60,Male,0,175,195,0,1,162,0,0.2,2,0,2,0
61,Male,0,120,135,0,1,188,0,0.9,1,0,3,0
29,Male,0,122,213,0,0,166,1,1.2,2,2,1,0
47,Male,2,121,178,0,2,129,1,1.1,0,0,2,1
30,Female,2,122,331,0,0,175,1,0.5,2,1,2,0
72,Female,1,120,299,0,0,166,1,0.0,1,0,2,0
54,Male,0,152,211,0,0,192,0,0.9,2,0,2,0
60,Male,2,156,363,0,1,140,1,0.3,2,0,2,1
34,Female,0,122,297,0,1,184,0,0.6,1,3,2,0
60,Female,2,117,229,0,0,151,1,3.2,2,1,2,1
32,Male,0,140,126,0,0,176,1,0.5,2,3,3,0
39,Female,0,122,365,0,1,202,1,1.8,2,0,3,0
45,Male,0,143,174,1,0,146,1,0.2,2,1,2,0
66,Male,0,135,161,0,1,158,0,1.1,1,1,2,0
52,Female,2,105,299,0,1,171,0,3.8,2,0,2,1
33,Female,1,159,373,0,1,193,0,0.1,0,2,2,0
62,Male,0,163,318,0,2,158,0,0.0,1,3,2,1
34,Male,2,121,276,0,0,181,0,0.6,2,2,3,1
50,Male,0,125,277,0,2,159,0,0.1,1,1,1,0
39,Male,1,137,291,0,1,177,1,1.4,2,0,1,0
76,Male,2,137,286,0,1,142,0,2.5,2,0,2,1
44,Male,1,143,261,0,0,179,1,0.6,2,3,3,1
61,Male,0,167,252,0,1,152,1,0.3,2,0,2,1
37,Male,3,129,243,0,0,180,1,0.6,1,1,3,1
34,Female,1,118,207,1,0,176,1,1.3,0,1,2,0
44,Male,0,107,232,0,0,186,0,0.0,1,1,3,0
57,Male,0,119,159,0,1,159,1,0.9,1,4,3,1
31,Male,2,131,241,1,1,152,1,1.0,0,0,2,1
48,Male,1,163,195,0,1,185,0,1.0,1,0,2,0
64,Female,1,123,189,0,1,142,0,0.3,2,0,2,0
47,Male,2,136,256,0,0,157,1,1.3,2,0,2,1
54,Female,2,131,318,0,1,153,0,0.1,1,0,3,1
31,Male,0,152,294,0,0,199,0,0.2,2,0,3,0
47,Female,0,176,165,0,1,135,0,2.1,1,2,3,1
48,Female,0,122,195,0,1,202,0,1.3,0,3,3,0
60,Female,2,123,295,1,1,174,0,0.0,2,0,2,0
35,Male,0,150,195,0,1,179,1,0.3,2,0,2,0
69,Male,1,144,235,0,0,151,0,0.2,2,3,3,1
61,Male,2,164,275,0,0,162,0,0.3,0,0,2,1
68,Male,2,142,196,0,1,160,0,0.3,2,0,3,1
67,Male,0,125,252,0,0,163,0,0.1,2,0,2,0
46,Female,2,142,177,1,0,176,1,0.6,2,1,2,1
68,Male,0,151,215,0,1,154,0,1.3,2,0,3,0
29,Female,2,146,263,0,1,177,0,0.9,2,3,2,1
39,Male,0,140,164,0,0,170,0,1.1,2,0,3,0
56,Female,0,150,269,1,0,158,0,0.1,2,0,3,0
53,Male,2,152,245,0,1,180,1,3.0,2,0,3,1
51,Female,0,156,275,0,1,173,1,1.8,2,0,3,0
59,Male,0,143,258,0,0,115,0,1.6,1,1,2,1
58,Male,2,129,317,1,0,169,0,1.7,2,1,3,1
70,Male,2,134,253,0,0,154,0,2.7,1,1,2,1
63,Female,2,153,224,1,0,156,0,0.8,1,0,2,1
35,Male,2,117,253,0,0,170,0,0.2,2,2,3,1
44,Male,1,138,274,0,1,186,0,1.0,2,2,2,1
54,Male,0,125,249,0,1,176,0,1.4,2,1,2,0
76,Male,0,132,248,0,1,135,0,1.3,1,0,2,1
77,Male,0,154,210,0,0,152,1,0.7,1,0,2,1
30,Male,2,135,212,0,1,164,1,0.1,1,0,3,0
29,Male,1,132,174,0,0,159,0,0.5,2,1,2,0
76,Male,0,108,337,0,2,137,1,2.5,2,0,3,1
40,Male,0,145,182,0,1,185,0,0.9,2,0,3,0
33,Female,3,143,210,1,0,191,0,0.8,2,2,3,1
65,Female,0,169,209,1,1,162,1,0.3,2,2,2,1
60,Male,1,126,293,0,0,169,1,0.5,2,2,3,1
37,Male,1,135,231,0,1,182,1,2.3,0,0,1,0
69,Male,1,136,311,0,0,142,0,1.1,1,1,3,1
63,Male,0,159,211,0,0,162,0,1.5,2,0,1,0
47,Female,2,130,261,0,1,179,1,0.6,2,0,3,0
76,Female,3,136,203,0,0,158,0,1.0,1,0,3,1
44,Male,1,142,357,0,1,187,0,0.3,2,0,2,0
31,Male,2,135,185,0,0,189,0,1.2,1,0,2,0
48,Male,3,124,262,0,1,172,0,0.6,1,2,3,1
52,Female,2,135,279,0,1,180,0,0.6,2,0,2,0
61,Male,0,150,268,0,1,157,0,1.0,2,1,3,1
52,Male,1,114,237,0,0,150,1,2.8,2,0,2,1
39,Male,1,134,240,0,0,170,0,0.1,1,0,2,0
77,Male,0,119,249,0,0,135,0,1.7,1,0,3,1
36,Female,2,153,239,0,0,165,0,0.3,2,0,3,0
64,Male,3,105,296,1,1,153,0,0.6,2,1,3,1
66,Male,3,122,361,0,1,142,0,0.0,1,0,2,1
68,Female,0,138,217,0,1,148,0,0.4,2,0,3,0
48,Male,0,159,175,0,1,138,1,0.7,1,0,2,0
63,Male,3,130,242,0,1,159,0,0.1,2,0,2,1
76,Male,2,122,380,0,1,147,1,0.7,2,2,3,1
39,1,0,109,291,0,0,165,0,0.5,2,0,1,0
300,Male,2,112,264,0,2,200,0,1.7,2,1,2,0
48,Male,1,148,-100,1,1,174,1,3.4,1,0,3,1
,Male,2,122,160,0,1,153,0,3.8,1,2,2,1
